<?xml version="1.0" encoding="UTF-8" standalone="yes"?>
<addon id="service.subtitles.subsource-net"
       name="Subsource"
       version="1.0.1.1"
       provider-name="opensubtitles, subsource">
	<requires>
		<import addon="xbmc.python" version="3.0.0"/>
		<import addon="script.module.requests" version="2.25.1+matrix.1"/>
	</requires>
	<extension point="xbmc.subtitle.module"
             library="service.py" />
	<extension point="xbmc.addon.metadata">
		<summary lang="en_GB">subsource.net</summary>
		<description lang="en_GB">Search and download subtitles for movies and TV-Series from subsource.net</description>
		<news>
v1.0.0 (2024-05-4)
Support subsource.com
		</news>
		<platform>all</platform>
		<license>GPL-2.0-only</license>
		<forum>https://forum.opensubtitles.com/t/new-kodi-extension/1673</forum>
		<website>https://www.opensubtitles.com/en</website>
		<email>cto [at] opensubtitles {dot} org</email>
		<assets>
			<icon>icon.png</icon>
			<fanart>fanart.png</fanart>
		</assets>
		<source>https://github.com/opensubtitlesdev/service.subtitles.opensubtitles-com</source>
	</extension>
</addon>
