<?xml version="1.0" encoding="UTF-8" standalone="yes"?>
<addon id="script.amlogic.framecapture" name="Amlogic frame capture" version="0.1" provider-name="roidy">
  <requires>
    <import addon="xbmc.python" version="2.1.0"/>

  </requires>
  <extension point="xbmc.python.script" library="default.py">
    <provides></provides>
  </extension>
  <extension point="xbmc.addon.metadata">
    <summary></summary>
    <description></description>
    <disclaimer>

    </disclaimer>
    <platform>linux</platform>
    <news>
100
- Initial Release
    </news>
    <assets>
      <icon></icon>
      <fanart></fanart>

    </assets>
  </extension>
</addon>
