<?xml version="1.0" encoding="UTF-8"?>
<colors>
    <!-- Main -->
    <color name="main_fg_100">ffededed</color>
    <!-- Busy wheel background and infoline--> 
    <color name="main_fg_90">e7ededed</color>
    <color name="main_fg_80">ccededed</color>
    <color name="main_fg_70">ffd0d0d0</color> <!-- Main font -->
    <color name="main_fg_60">9aededed</color>
    <!-- Widget headers -->
    <color name="main_fg_30">4dededed</color>
    <!-- Widget backgrounds -->
    <color name="main_fg_12">11777777</color>

    <color name="main_bg_100">ff060606</color>
    <color name="main_bg_90">e7000000</color>
    <color name="main_bg_80">cc000000</color>
    <color name="main_bg_70">b3000000</color>
    <color name="main_bg_60">9a000000</color>
    <color name="main_bg_45">73000000</color>
    <color name="main_bg_30">4d000000</color>
    <color name="main_bg_12">1f000000</color>

    <color name="buttons">11ffffff</color>

    <!-- Icons -->
    <color name="icon">ffd7ad33</color>
    <color name="ratings_bg">77000000</color>

    <!-- Transparency -->
    <color name="transparent">00FFFFFF</color>
    <color name="transparent50">55FFFFFF</color>


    <!-- Dialogs -->
    <color name="dialog_bg_100">ff101010</color>
    <color name="dialog_bg_80">e7000000</color>
    <color name="dialog_bg_90">cc000000</color>
    <color name="dialog_bg_70">b3000000</color>
    <color name="dialog_bg_60">73000000</color>
    <color name="dialog_bg_30">4d000000</color>
    <color name="dialog_bg_12">1f000000</color>

    <color name="dialog_fg_100">FFededed</color>
    <color name="dialog_fg_90">e7ededed</color>
    <color name="dialog_fg_80">cdededed</color>
    <!-- Submenu text and settings icon -->
    <color name="dialog_fg_70">ffededed</color>
    <color name="dialog_fg_60">9aededed</color>
    <color name="dialog_fg_30">4Dededed</color>
    <color name="dialog_fg_12">1Fededed</color>
    <color name="dialog_panel">ff000000</color>

    <!-- Overlay -->
    <color name="overlay_hard">12ffffff</color>

    <!-- Shadow -->
    <color name="shadow_flat">1Fededed</color>
    <color name="shadow_line">12ededed</color>
    <color name="shadow_soft">33000000</color>
    <color name="shadow_hard">80000000</color>

</colors>
