<?xml version="1.0" encoding="UTF-8" standalone="yes"?>
<addon id="resource.images.weathericons.white" name="Weather Icons - White" version="0.0.9.2" provider-name="Team Kodi">
	<extension point="kodi.resource.images" compile="true" type="weather" />
	<requires>
		<import addon="kodi.resource" version="1.0.0"/>
	</requires>
	<extension point="xbmc.addon.metadata">
		<summary lang="en">White Weather Icons</summary>
		<description lang="en">White Weather Icons</description>
		<platform>all</platform>
	</extension>
</addon>
