<?xml version="1.0" encoding="UTF-8" standalone="yes"?>
<addon id="script.skinswitcher" 
	     name="Skin Switcher" 
	     version="1.0.2" 
	     provider-name="Surfacingx, OpenELEQ, Fire TV Guru, X">
  <requires>
    <import addon="xbmc.python" version="3.0.0"/>
  </requires>
  <extension point="xbmc.python.pluginsource" library="addon.py">
        <provides>executable</provides>
  </extension>
  <extension point="xbmc.addon.metadata">
    <platform>all</platform>
    <assets>
			<icon>icon.png</icon>
			<fanart>fanart.jpg</fanart>
	</assets>
    <summary lang="en">-</summary>
    <description lang="en">Choose a skin.</description>
    <disclaimer lang="en">.</disclaimer>
    <language></language>
    <platform>all</platform>
    <license>GNU GENERAL PUBLIC LICENSE. Version 2, June 1991</license>
  </extension>
</addon>