<?xml version="1.0" encoding="UTF-8" standalone="yes"?>
<addon id="repository.taiseerCE" name="ABUKARIMce repository" version="1.0.1" provider-name="taiseer999">
    <extension point="xbmc.addon.repository" name="Example Repository">
        <dir>
            <info compressed="false">https://raw.githubusercontent.com/taiseer999/taiseer999ce.github.io/master/repo/zips/addons.xml</info>
            <checksum>https://raw.githubusercontent.com/taiseer999/taiseer999ce.github.io/master/repo/zips/addons.xml.md5</checksum>
            <datadir zip="true">https://raw.githubusercontent.com/taiseer999/taiseer999ce.github.io/master/repo/zips/</datadir>
        </dir>
    </extension>
    <extension point="xbmc.addon.metadata">
        <summary>ABUKARIMce repository</summary>
        <description>ArabicCE Kodi</description>
        <disclaimer></disclaimer>
        <platform>all</platform>
        <assets>
            <icon>icon.png</icon>
            <fanart>fanart.jpg</fanart>
        </assets>
    </extension>
</addon>