<?xml version="1.0" encoding="UTF-8"?>
<fonts>

<fontset id="Default" unicode="false">
        <include>Font_Default</include>
    </fontset>

    <fontset id="Default (منادي)" unicode="true">
        <include content="Font_Default">
            <param name="font_black">monadi BOLD.ttf</param>
            <param name="font_bold">monadi BOLD.ttf</param>
            <param name="font_regular">monadi-reg.ttf</param>
            <param name="style_light">light</param>
             <param name="size_tiny">21</param>
       <param name="size_hint">15</param>
        <param name="size_tiny">21</param>
                <param name="size_mini">22</param>
        <param name="size_main">30</param>
        <param name="size_midi">36</param>
        <param name="size_head">40</param>
        <param name="size_huge">43</param>
        <param name="size_main_x2">56</param>
        <param name="size_huge_x2">86</param>
        <param name="size_midi_x2">64</param>
        

              <param name="plot_linespacing_head">1.03</param>
            <param name="plot_linespacing_midi">1.45</param>
            <param name="plot_linespacing_main">1.13</param>
            <param name="plot_linespacing_mini">1.20</param>
            <param name="plot_linespacing_tiny">1.11</param>

        </include>
    </fontset>

    <fontset id="الجزيرة" unicode="true">
        <include content="Font_Default">
            <param name="font_black">Jazeerah bold.ttf</param>
            <param name="font_bold">Jazeerah bold.ttf</param>
            <param name="font_regular">Jazeerah.ttf</param>
            <param name="style_light">light</param>
            <param name="size_hint">17</param>
        <param name="size_hint">15</param>
        <param name="size_tiny">21</param>
                <param name="size_mini">22</param>
        <param name="size_main">29</param>
        <param name="size_midi">32</param>
        <param name="size_head">38</param>
        <param name="size_huge">43</param>
        <param name="size_main_x2">56</param>
        <param name="size_huge_x2">86</param>
        <param name="size_midi_x2">64</param>

              <param name="plot_linespacing_head">1.03</param>
            <param name="plot_linespacing_midi">1.45</param>
            <param name="plot_linespacing_main">1.13</param>
            <param name="plot_linespacing_mini">1.20</param>
            <param name="plot_linespacing_tiny">1.11</param>
        </include>

    </fontset>
	
    <fontset id="امازون" unicode="true">

        <include content="Font_Default">
            <param name="font_black">AmazonEmberV2-Bold.ttf</param>
            <param name="font_bold">AmazonEmberV2-Bold.ttf</param>
            <param name="font_regular">AmazonEmberV2-Medium.ttf</param>
            <param name="style_light">light</param>
            <param name="size_hint">17</param>
        <param name="size_hint">15</param>
        <param name="size_tiny">21</param>
                <param name="size_mini">22</param>
        <param name="size_main">29</param>
        <param name="size_midi">34</param>
        <param name="size_head">36</param>
        <param name="size_huge">41</param>
        <param name="size_main_x2">54</param>
        <param name="size_huge_x2">84</param>
        <param name="size_midi_x2">62</param>

              <param name="plot_linespacing_head">1.03</param>
            <param name="plot_linespacing_midi">1.45</param>
            <param name="plot_linespacing_main">0.8</param>
            <param name="plot_linespacing_mini">1.20</param>
            <param name="plot_linespacing_tiny">1.11</param>
        </include>
    </fontset>

 <fontset id="APPLE" unicode="true">

        <include content="Font_Default">
            <param name="font_black">iphone.ttf</param>
            <param name="font_bold">iphone.ttf</param>
            <param name="font_regular">iphone.ttf</param>
            <param name="style_light">light</param>
            <param name="size_hint">17</param>
       <param name="size_hint">15</param>
        <param name="size_tiny">21</param>
                <param name="size_mini">22</param>
        <param name="size_main">28</param>
        <param name="size_midi">35</param>
        <param name="size_head">38</param>
        <param name="size_huge">43</param>
        <param name="size_main_x2">56</param>
        <param name="size_huge_x2">86</param>
        <param name="size_midi_x2">64</param>

              <param name="plot_linespacing_head">1.03</param>
            <param name="plot_linespacing_midi">1.45</param>
            <param name="plot_linespacing_main">1.2</param>
            <param name="plot_linespacing_mini">1.20</param>
            <param name="plot_linespacing_tiny">1.11</param>
        </include>
    </fontset>

<fontset id="المهند" unicode="true">

        <include content="Font_Default">
            <param name="font_black">MOHANDbold.ttf</param>
            <param name="font_bold">MOHANDbold.ttf</param>
            <param name="font_regular">MOHANDbold.ttf</param>
            <param name="style_light">light</param>
             <param name="style_light">light</param>
             <param name="size_hint">17</param>
        <param name="size_hint">15</param>
        <param name="size_tiny">21</param>
                <param name="size_mini">22</param>
        <param name="size_main">30</param>
        <param name="size_midi">34</param>
        <param name="size_head">41</param>
        <param name="size_huge">43</param>
        <param name="size_main_x2">56</param>
        <param name="size_huge_x2">86</param>
        <param name="size_midi_x2">64</param>

              <param name="plot_linespacing_head">1.03</param>
            <param name="plot_linespacing_midi">1.45</param>
            <param name="plot_linespacing_main">1.0</param>
            <param name="plot_linespacing_mini">1.20</param>
            <param name="plot_linespacing_tiny">1.11</param>
        </include>
    </fontset>

<fontset id="حسن" unicode="true">

        <include content="Font_Default">
            <param name="font_black">Hacen-Promoter -Bold.ttf</param>
            <param name="font_bold">Hacen-Promoter -Bold.ttf</param>
            <param name="font_regular">Hacen-Promoter .ttf</param>
            <param name="style_light">light</param>
            <param name="size_hint">17</param>
        <param name="size_hint">15</param>
        <param name="size_tiny">21</param>
                <param name="size_mini">22</param>
        <param name="size_main">31</param>
        <param name="size_midi">35</param>
        <param name="size_head">42</param>
        <param name="size_huge">43</param>
        <param name="size_main_x2">56</param>
        <param name="size_huge_x2">86</param>
        <param name="size_midi_x2">64</param>

              <param name="plot_linespacing_head">1.03</param>
            <param name="plot_linespacing_midi">1.45</param>
            <param name="plot_linespacing_main">1.0</param>
            <param name="plot_linespacing_mini">1.20</param>
            <param name="plot_linespacing_tiny">1.11</param>
        </include>
    </fontset>


<fontset id="تونس" unicode="true">

        <include content="Font_Default">
            <param name="font_black">tonos bold.ttf</param>
            <param name="font_bold">tonos bold.ttf</param>
            <param name="font_regular">tonos.ttf</param>
            <param name="style_light">light</param>
            <param name="size_hint">17</param>
        <param name="size_hint">15</param>
        <param name="size_tiny">21</param>
                <param name="size_mini">22</param>
        <param name="size_main">31</param>
        <param name="size_midi">35</param>
        <param name="size_head">42</param>
        <param name="size_huge">43</param>
        <param name="size_main_x2">56</param>
        <param name="size_huge_x2">86</param>
        <param name="size_midi_x2">64</param>

              <param name="plot_linespacing_head">1.03</param>
            <param name="plot_linespacing_midi">1.45</param>
            <param name="plot_linespacing_main">1.0</param>
            <param name="plot_linespacing_mini">1.20</param>
            <param name="plot_linespacing_tiny">1.11</param>
        </include>
    </fontset>
</fonts>



