<?xml version="1.0" encoding="UTF-8"?>
<window type="window" id="1108">
    <include content="Hub_Onload">
        <param name="window_id">1108</param>
    </include>
    <controls>
        <include content="Hub_Prefab_Window">
            <param name="window">1108</param>
            <param name="widgets_wall">Addons_Wall_Widgets</param>
            <param name="widgets_combined">Addons_Combined_Widgets</param>
            <param name="widgets_standard">Addons_Content</param>
            <param name="info_combined">NextAired_Info</param>
            <param name="info_wall">NextAired_Wall_Info</param>
            <param name="switcher_content">Addons_Switcher_Items</param>
        </include>
    </controls>
</window>