<?xml version="1.0" encoding="UTF-8" standalone="yes"?>
<addon id="script.fonts.installer" version="1.0.13.3" name="Extra SubFonts" provider-name="AbuKareem">
	<extension point="xbmc.python.script" library="default.py" />
	<extension point="xbmc.addon.metadata">
		<summary>Kodi Extra Subtitle Fonts Installer</summary>
		<description>Installing and uninstalling custom fonts for subtitles</description>
		<disclaimer>Run the addon to install additional fonts. Running the addon again will uninstall the fonts.</disclaimer>
		<platform>all</platform>
		<language>en</language>
		<assets>
			<icon>icon.png</icon>
		</assets>
	</extension>
</addon>

