<?xml version="1.0" encoding="UTF-8"?>
<addon id="resource.uisounds.ftv" version="1.0.1" name="fTV Sounds" provider-name="Hitcher">
	<requires>
		<import addon="kodi.resource" version="1.0.0"/>
	</requires>
	<extension point="kodi.resource.uisounds"/>
	<extension point="kodi.addon.metadata">
		<summary lang="en">fTV Sounds</summary>
		<description lang="en">fTV Sounds</description>
		<platform>all</platform>
		<source>https://github.com/Hitcher/resource.uisounds.ftv</source>
		<assets>
			<icon>icon.png</icon>
			<fanart>fanart.jpg</fanart>
		</assets>
	</extension>
</addon>
