<?xml version="1.0" encoding="UTF-8"?>
<includes>

    <include name="Furniture_Top">
        <include>Furniture_Top_Left</include>
    </include>

    <include name="Furniture_Top_Left">
        <param name="enabled">true</param>
        <param name="id" />
        <param name="label">[CAPITALIZE]$VAR[Label_Header_Main][/CAPITALIZE]</param>
        <param name="textcolor">main_fg_100</param>
        <param name="textcolor_sublabel">main_fg_70</param>
        <param name="shadowcolor_sublabel">main_bg_30</param>
        <definition>
            <include content="_Furniture_Top_Left" condition="$PARAM[enabled]">
                <param name="id">$PARAM[id]</param>
                <param name="label">$PARAM[label]</param>
                <param name="textcolor">$PARAM[textcolor]</param>
                <param name="textcolor_sublabel">$PARAM[textcolor_sublabel]</param>
                <param name="shadowcolor_sublabel">$PARAM[shadowcolor_sublabel]</param>
                <param name="clock">$PARAM[clock]</param>
            </include>
        </definition>
    </include>
    <include name="_Furniture_Top_Left">
        <control type="group">
            <include>Dimension_Topbar</include>
            <control type="group">
                <include>Dimension_Furniture_Gutters</include>
                <include content="Furniture_MainLabel">
                    <param name="id">$PARAM[id]</param>
                    <param name="textcolor">$PARAM[textcolor]</param>
                    <param name="label">$PARAM[label]</param>
                </include>
            </control>
        </control>
    </include>

    <include name="Furniture_Bottom_Right">
        <param name="visible">true</param>
        <definition>
            <control type="group">
                <include>Dimension_Topbar</include>
                <control type="group">
                    <include>Dimension_Furniture_Gutters</include>
                    <control type="group">
                        <visible>$PARAM[visible]</visible>
                        <control type="group">
                            <visible>!Player.HasMedia | !Skin.HasSetting(Furniture.EnableNowPlaying) | $EXP[Exp_PlainBackgroundWindows]</visible>
                            <include condition="!Skin.HasSetting(Furniture.EnableClock) + !Skin.HasSetting(Furniture.DisableStudio)">Info_Bottom_Right</include>
                        </control>
                        
                  <control type="group">
                    <visible>!Player.HasMedia | !Skin.HasSetting(Furniture.EnableNowPlaying) | $EXP[Exp_PlainBackgroundWindows]</visible>
                    
                    <!-- Codecs -->
                    <include content="Object_Codecs" condition="Skin.HasSetting(Furniture.EnableObject_Codecs)">
                        <param name="infohide" value="false" />
                    </include>

                    <include content="Object_Patch" condition="Skin.HasSetting(Furniture.EnableObject_Patch)">
                        <param name="infohide" value="false" />
                    </include>
                    
                    <include content="Object_CodecsText" condition="Skin.HasSetting(Furniture.EnableObject_CodecsText)">
                        <param name="infohide" value="false" />
                    </include>

                    <include content="Furniture_shadows" condition="Skin.HasSetting(Furniture.EnableClock) | Skin.HasSetting(Furniture.EnableClock_Date) | Skin.HasSetting(Furniture.EnableClockDateWeather) | Skin.HasSetting(Furniture.Enable_Network) | Skin.HasSetting(Furniture.Network_RAM) | Skin.HasSetting(Furniture.Enable_Ram)">
                        <param name="textcolor">$PARAM[textcolor]</param>
                        <param name="textcolor_sublabel">$PARAM[textcolor_sublabel]</param>
                        <param name="shadowcolor">$PARAM[shadowcolor_sublabel]</param>
                        <param name="shadowcolor_sublabel">$PARAM[shadowcolor_sublabel]</param>
                    </include>

                    <include content="Furniture_Clock" condition="Skin.HasSetting(Furniture.EnableClock)">
                        <param name="textcolor">$PARAM[textcolor]</param>
                        <param name="textcolor_sublabel">$PARAM[textcolor_sublabel]</param>
                        <param name="shadowcolor">$PARAM[shadowcolor_sublabel]</param>
                        <param name="shadowcolor_sublabel">$PARAM[shadowcolor_sublabel]</param>
                    </include>

                    <include content="Furniture_Clock_Date" condition="Skin.HasSetting(Furniture.EnableClock_Date)">
                        <param name="textcolor">$PARAM[textcolor]</param>
                        <param name="textcolor_sublabel">$PARAM[textcolor_sublabel]</param>
                        <param name="shadowcolor">$PARAM[shadowcolor_sublabel]</param>
                        <param name="shadowcolor_sublabel">$PARAM[shadowcolor_sublabel]</param>
                    </include>

                    <include content="Furniture_Clock_Date_Weather" condition="Skin.HasSetting(Furniture.EnableClockDateWeather)">
                        <param name="textcolor">$PARAM[textcolor]</param>
                        <param name="textcolor_sublabel">$PARAM[textcolor_sublabel]</param>
                        <param name="shadowcolor">$PARAM[shadowcolor_sublabel]</param>
                        <param name="shadowcolor_sublabel">$PARAM[shadowcolor_sublabel]</param>
                    </include>

                    <include content="Furniture_Network" condition="Skin.HasSetting(Furniture.Enable_Network)">
                        <param name="textcolor">$PARAM[textcolor]</param>
                        <param name="textcolor_sublabel">$PARAM[textcolor_sublabel]</param>
                        <param name="shadowcolor">$PARAM[shadowcolor_sublabel]</param>
                        <param name="shadowcolor_sublabel">$PARAM[shadowcolor_sublabel]</param>
                    </include>

                    <include content="Furniture_Network_Ram" condition="Skin.HasSetting(Furniture.Network_RAM)">
                        <param name="textcolor">$PARAM[textcolor]</param>
                        <param name="textcolor_sublabel">$PARAM[textcolor_sublabel]</param>
                        <param name="shadowcolor">$PARAM[shadowcolor_sublabel]</param>
                        <param name="shadowcolor_sublabel">$PARAM[shadowcolor_sublabel]</param>
                    </include>

                    <include content="Furniture_Ram" condition="Skin.HasSetting(Furniture.Enable_Ram)">
                        <param name="textcolor">$PARAM[textcolor]</param>
                        <param name="textcolor_sublabel">$PARAM[textcolor_sublabel]</param>
                        <param name="shadowcolor">$PARAM[shadowcolor_sublabel]</param>
                        <param name="shadowcolor_sublabel">$PARAM[shadowcolor_sublabel]</param>
                    </include>
                    
                    <include content="Furniture_Date_Weather" condition="Skin.HasSetting(Furniture.EnableClockDateWeather)">
                        <param name="textcolor">$PARAM[textcolor]</param>
                        <param name="textcolor_sublabel">$PARAM[textcolor_sublabel]</param>
                        <param name="shadowcolor">$PARAM[shadowcolor_sublabel]</param>
                        <param name="shadowcolor_sublabel">$PARAM[shadowcolor_sublabel]</param>
                    </include>
                  </control>

                  <control type="group">
                            <visible>!Player.HasMedia | !Skin.HasSetting(Furniture.EnableNowPlaying)</visible>
                            <include content="Furniture_Clock" condition="Skin.HasSetting(Furniture.EnableClock)">
                                <param name="textcolor">$PARAM[textcolor]</param>
                                <param name="textcolor_sublabel">$PARAM[textcolor_sublabel]</param>
                                <param name="shadowcolor">$PARAM[shadowcolor_sublabel]</param>
                                <param name="shadowcolor_sublabel">$PARAM[shadowcolor_sublabel]</param>
                            </include>
                        </control>
                        <include content="Object_Control" condition="Skin.HasSetting(Furniture.EnableNowPlaying)">
                            <param name="control">group</param>
                            <centerbottom>30</centerbottom>
                            <height>40</height>
                            <visible>Player.HasMedia</visible>
                            <visible>!$EXP[Exp_PlainBackgroundWindows]</visible>
                            <control type="grouplist">
                                <right>0</right>
                                <orientation>horizontal</orientation>
                                <align>right</align>
                                <itemgap>0</itemgap>
                                <control type="label">
                                    <textcolor>main_fg_30</textcolor>
                                    <width max="400">auto</width>
                                    <font>font_main_bold</font>
                                    <!-- <height>20</height>
                                    <top>-4</top>
                                    <align>right</align>
                                    <right>48</right>
                                    <width>320</width>
                                    <font>font_mini_bold</font> -->
                                    <label>$VAR[Label_NowPlayingSubLabel,, - ]</label>
                                </control>
                                <control type="label">
                                    <textcolor>main_fg_30</textcolor>
                                    <width max="400">auto</width>
                                    <font>font_main_bold</font>
                                    <!-- <align>right</align>
                                    <right>48</right>
                                    <width>320</width>
                                    <height>20</height>
                                    <bottom>-2</bottom>
                                    <font>font_tiny</font> -->
                                    <label>$VAR[Label_NowPlayingTitle]</label>
                                </control>
                                <control type="label">
                                    <width>auto</width>
                                    <font>font_main_bold</font>
                                    <!-- <font>font_tiny_bold</font> -->
                                    <textcolor>00ffffff</textcolor>
                                    <label> ---</label>
                                </control>
                                <control type="multiimage">
                                    <right>0</right>
                                    <width>28</width>
                                    <height>34</height>
                                    <timeperimage>50</timeperimage>
                                    <fadetime>50</fadetime>
                                    <imagepath>eq/</imagepath>
                                    <colordiffuse>main_fg_30</colordiffuse>
                                    <aspectratio scalediffuse="false">keep</aspectratio>
                                    <visible>Player.Playing</visible>
                                </control>
                                <control type="multiimage">
                                    <right>0</right>
                                    <width>28</width>
                                    <height>34</height>
                                    <timeperimage>5000000</timeperimage>
                                    <fadetime>50</fadetime>
                                    <imagepath>eq/</imagepath>
                                    <colordiffuse>main_fg_30</colordiffuse>
                                    <aspectratio scalediffuse="false">keep</aspectratio>
                                    <visible>!Player.Playing</visible>
                                </control>
                            </control>
                        </include>
                    </control>
                </control>
            </control>
        </definition>
    </include>

    <include name="Furniture_shadows">
        <param name="toplabel"></param>
        <param name="bottomlabel"></param>
        <param name="textcolor">main_fg_50</param>
        <param name="topfont">font_tiny</param>
        <param name="bottomfont">font_tiny</param>
        <param name="shadowcolor_sublabel">main_bg_30</param>
        <definition>
            <control type="group">
                <include content="Animation_SlideIn_Dialog">
                    <param name="visible_condition">!$EXP[Exp_Notification_IsActive]</param>
                    <param name="windowopen_condition">false</param>
                    <param name="posy">56</param>
                </include>
                <control type="group">
                    <visible>!Player.HasMedia | !Skin.HasSetting(Furniture.EnableNowPlaying) | Window.IsActive(visualisation) | Window.IsActive(fullscreenvideo) | !Window.IsVisible(DialogVideoInfo.xml)</visible>
                    <visible>![Window.IsVisible(DialogVideoInfo.xml) + ![Skin.String(Info.Layout,Flip) | Skin.String(Info.Layout,Flix)]]</visible>
                    <height>80</height>
                    <centertop>42%</centertop>
                        <control type="image">
                        <visible>![Window.IsVisible(AddonBrowser.xml) | Window.IsVisible(SettingsSysteminfo.xml) | Window.IsVisible(EventLog.xml)]</visible>
                        <visible>Window.IsVisible(Home.xml) | Control.IsVisible(50) | Control.IsVisible(51) | Control.IsVisible(52) | Control.IsVisible(53) | Control.IsVisible(54) | Control.IsVisible(57) | Control.IsVisible(58) | Control.IsVisible(59) | Control.IsVisible(500) | Control.IsVisible(510) | Control.IsVisible(520) | Control.IsVisible(530)| Control.IsVisible(540) | Control.IsVisible(560) | Control.IsVisible(570) | Control.IsVisible(580) | Control.IsVisible(590) | Control.IsVisible(502) | Control.IsVisible(512) | Control.IsVisible(522) | Control.IsVisible(532) | Control.IsVisible(542) | Control.IsVisible(510) | Control.IsVisible(520) | Control.IsVisible(572) | Control.IsVisible(582) | Control.IsVisible(592) | Control.IsVisible(551) | Control.IsVisible(553) | Control.IsVisible(554) | Control.IsVisible(555) | Control.IsVisible(557) | Control.IsVisible(561)</visible>
                           <right>-480</right>
                           <top>-360</top>
                           <height>700</height>
                           <width>1000</width>
                           <texture>shadowspot.png</texture>
                        </control>
                        <control type="image">
                        <visible>![Window.IsVisible(AddonBrowser.xml) | Window.IsVisible(SettingsSysteminfo.xml) | Window.IsVisible(EventLog.xml)]</visible>
                        <visible>Window.IsVisible(Home.xml) | Control.IsVisible(50) | Control.IsVisible(51) | Control.IsVisible(52) | Control.IsVisible(53) | Control.IsVisible(54) | Control.IsVisible(57) | Control.IsVisible(58) | Control.IsVisible(59) | Control.IsVisible(500) | Control.IsVisible(510) | Control.IsVisible(520) | Control.IsVisible(530)| Control.IsVisible(540) | Control.IsVisible(560) | Control.IsVisible(570) | Control.IsVisible(580) | Control.IsVisible(590) | Control.IsVisible(502) | Control.IsVisible(512) | Control.IsVisible(522) | Control.IsVisible(532) | Control.IsVisible(542) | Control.IsVisible(510) | Control.IsVisible(520) | Control.IsVisible(572) | Control.IsVisible(582) | Control.IsVisible(592) | Control.IsVisible(551) | Control.IsVisible(553) | Control.IsVisible(554) | Control.IsVisible(555) | Control.IsVisible(557) | Control.IsVisible(561)</visible>
                           <right>-480</right>
                           <top>-360</top>
                           <height>700</height>
                           <width>1000</width>
                           <texture>shadowspot.png</texture>
                        </control>
                </control>
            </control>
        </definition>
    </include>

    <include name="Furniture_Clock_Date">
        <param name="toplabel">$INFO[System.Time]</param>
        <param name="bottomlabel">$INFO[System.Date]</param>
        <param name="textcolor">main_fg_50</param>
        <param name="topfont">font_title_main1</param>
        <param name="bottomfont">font_tiny</param>
        <param name="shadowcolor_sublabel">main_bg_70</param>
        <definition>
            <control type="group">
                <!--include>Furniture_Right_Visible</include-->
                <include content="Animation_SlideIn_Dialog">
                    <param name="visible_condition">!$EXP[Exp_Notification_IsActive]</param>
                    <param name="windowopen_condition">false</param>
                    <param name="posy">48</param>
                </include>
                <control type="group">
                    <visible>!Player.HasMedia | !Skin.HasSetting(Furniture.EnableNowPlaying) | Window.IsActive(visualisation) | Window.IsActive(fullscreenvideo)</visible>
                    <visible>![Window.IsVisible(DialogVideoInfo.xml) + ![Skin.String(Info.Layout,Flip) | Skin.String(Info.Layout,Flix)]]</visible>
                    <height>80</height>
                    <centertop>50%</centertop>
                    <!--include>Furniture_Right_Sliding</include-->
                    <control type="label" id="$PARAM[id]">
                        <visible>![Control.IsVisible(550) + !Container.Content(files) | Control.IsVisible(552) + !Container.Content(files) | Control.IsVisible(558) + !Container.Content(files)]</visible>
                        <label>$PARAM[toplabel]</label>
                        <font>font_title_main1</font>
                        <textcolor>$PARAM[textcolor]</textcolor>
                        <shadowcolor>panel_bg_30</shadowcolor>
                        <align>right</align>
                        <height>40</height>
                        <centertop>50%</centertop>
                    </control>
                    <control type="label" id="$PARAM[id]">
                        <visible>![Control.IsVisible(550) + !Container.Content(files) | Control.IsVisible(552) + !Container.Content(files) | Control.IsVisible(558) + !Container.Content(files)]</visible>
                        <label>$PARAM[bottomlabel]</label>
                        <font>font_tiny</font>
                        <textcolor>$PARAM[textcolor]</textcolor>
                        <shadowcolor>panel_bg_30</shadowcolor>
                        <align>right</align>
                        <height>40</height>
                        <centertop>5%</centertop>
                    </control>
                </control>
            </control>
        </definition>
    </include>

    <include name="Furniture_Clock_Date_Weather">
        <param name="toplabel">$INFO[System.Time]</param>
        <param name="bottomlabel">$INFO[System.Date] I $INFO[Weather.Temperature]</param>
        <param name="textcolor">main_fg_50</param>
        <param name="topfont">font_title_main1</param>
        <param name="bottomfont">font_tiny</param>
        <param name="shadowcolor_sublabel">main_bg_30</param>
        <definition>
            <control type="group">
                <!--include>Furniture_Right_Visible</include-->
                <include content="Animation_SlideIn_Dialog">
                    <param name="visible_condition">!$EXP[Exp_Notification_IsActive]</param>
                    <param name="windowopen_condition">false</param>
                    <param name="posy">48</param>
                </include>
                <control type="group">
                    <visible>!Player.HasMedia | !Skin.HasSetting(Furniture.EnableNowPlaying) | Window.IsActive(visualisation) | Window.IsActive(fullscreenvideo)</visible>
                    <visible>![Window.IsVisible(DialogVideoInfo.xml) + ![Skin.String(Info.Layout,Flip) | Skin.String(Info.Layout,Flix)]]</visible>
                    <height>80</height>
                    <centertop>50%</centertop>
                    <!--include>Furniture_Right_Sliding</include-->
                    <control type="label" id="$PARAM[id]">
                        <visible>![Control.IsVisible(550) + !Container.Content(files) | Control.IsVisible(552) + !Container.Content(files) | Control.IsVisible(558) + !Container.Content(files)]</visible>
                        <label>$PARAM[toplabel]</label>
                        <font>font_title_main1</font>
                        <textcolor>$PARAM[textcolor]</textcolor>
                        <shadowcolor>panel_bg_30</shadowcolor>
                        <align>right</align>
                        <height>40</height>
                        <centertop>50%</centertop>
                    </control>
                    <control type="label" id="$PARAM[id]">
                        <visible>![Control.IsVisible(550) + !Container.Content(files) | Control.IsVisible(552) + !Container.Content(files) | Control.IsVisible(558) + !Container.Content(files)]</visible>
                        <label>$PARAM[bottomlabel]</label>
                        <font>font_tiny</font>
                        <textcolor>$PARAM[textcolor]</textcolor>
                        <shadowcolor>panel_bg_30</shadowcolor>
                        <right>30</right>
                        <align>right</align>
                        <height>40</height>
                        <centertop>5%</centertop>
                    </control>
                    <control type="image">
                        <visible>![Control.IsVisible(550) + !Container.Content(files) | Control.IsVisible(552) + !Container.Content(files) | Control.IsVisible(558) + !Container.Content(files)]</visible>
                        <right>0</right>
                        <centertop>5</centertop>
                        <width>24</width>
                        <height>24</height>
                        <aspectratio>keep</aspectratio>
                        <texture colordiffuse="dialog_fg_50">resource://resource.images.weathericons.white/$INFO[Weather.FanartCode].png</texture>
                    </control>
                </control>
            </control>
        </definition>
    </include>

    <include name="Furniture_Clock">
        <param name="toplabel">$INFO[System.Time]</param>
        <param name="bottomlabel">$INFO[System.Date]</param>
        <param name="textcolor">main_fg_50</param>
        <param name="topfont">font_title_main1</param>
        <param name="bottomfont">font_tiny</param>
        <param name="shadowcolor_sublabel">main_bg_30</param>
        <definition>
            <control type="group">
                <!--include>Furniture_Right_Visible</include-->
                <include content="Animation_SlideIn_Dialog">
                    <param name="visible_condition">!$EXP[Exp_Notification_IsActive]</param>
                    <param name="windowopen_condition">false</param>
                    <param name="posy">48</param>
                </include>
                <control type="group">
                    <visible>!Player.HasMedia | !Skin.HasSetting(Furniture.EnableNowPlaying) | Window.IsActive(visualisation) | Window.IsActive(fullscreenvideo)</visible>
                    <visible>![Window.IsVisible(DialogVideoInfo.xml) + ![Skin.String(Info.Layout,Flip) | Skin.String(Info.Layout,Flix)]]</visible>
                    <height>80</height>
                    <centertop>50%</centertop>
                    <!--include>Furniture_Right_Sliding</include-->
                    <control type="label" id="$PARAM[id]">
                        <visible>![Control.IsVisible(550) + !Container.Content(files) | Control.IsVisible(552) + !Container.Content(files) | Control.IsVisible(558) + !Container.Content(files)]</visible>
                        <label>$PARAM[toplabel]</label>
                        <font>font_title_main1</font>
                        <textcolor>$PARAM[textcolor]</textcolor>
                        <shadowcolor>panel_bg_30</shadowcolor>
                        <align>right</align>
                        <height>40</height>
                        <centertop>50%</centertop>
                    </control>
                </control>
            </control>
        </definition>
    </include>

    <include name="Furniture_Network">
        <param name="toplabel"></param>
        <param name="bottomlabel">$VAR[NetworkVar]</param>
        <param name="textcolor">main_fg_50</param>
        <param name="topfont">font_tiny</param>
        <param name="bottomfont">font_tiny</param>
        <param name="shadowcolor_sublabel">main_bg_30</param>
        <definition>
            <control type="group">
                <!--include>Furniture_Right_Visible</include-->
                <include content="Animation_SlideIn_Dialog">
                    <param name="visible_condition">!$EXP[Exp_Notification_IsActive]</param>
                    <param name="windowopen_condition">false</param>
                    <param name="posy">56</param>
                </include>
                <control type="group">
                    <visible>!Player.HasMedia | !Skin.HasSetting(Furniture.EnableNowPlaying) | Window.IsActive(visualisation) | Window.IsActive(fullscreenvideo) | !Window.IsVisible(DialogVideoInfo.xml)</visible>
                    <visible>![Window.IsVisible(DialogVideoInfo.xml) + ![Skin.String(Info.Layout,Flip) | Skin.String(Info.Layout,Flix)]]</visible>
                    <height>80</height>
                    <centertop>42%</centertop>
                    <!--include>Furniture_Right_Sliding</include-->
                    <control type="label" id="$PARAM[id]">
                        <visible>[![Control.IsVisible(550) + !Container.Content(files) | Control.IsVisible(552) + !Container.Content(files) | Control.IsVisible(558) + !Container.Content(files)]</visible>
                        <label>$PARAM[toplabel]</label>
                        <font>font_tiny</font>
                        <textcolor>$PARAM[textcolor]</textcolor>
                        <shadowcolor>panel_bg_30</shadowcolor>
                        <align>right</align>
                        <height>40</height>
                        <centertop>96%</centertop>
                    </control>
                    <control type="label" id="$PARAM[id]">
                        <visible>![Control.IsVisible(550) + !Container.Content(files) | Control.IsVisible(552) + !Container.Content(files) | Control.IsVisible(558) + !Container.Content(files)]</visible>
                        <label>$PARAM[bottomlabel]</label>
                        <font>font_tiny</font>
                        <textcolor>$PARAM[textcolor]</textcolor>
                        <shadowcolor>panel_bg_30</shadowcolor>
                        <align>right</align>
                        <height>40</height>
                        <centertop>96%</centertop>
                    </control>
                </control>
            </control>
        </definition>
    </include>

    <include name="Furniture_Network_Ram">
        <param name="toplabel"></param>
        <param name="bottomlabel">$VAR[NetworkVar] I $INFO[system.memory(used.percent),RAM :,]</param>
        <param name="textcolor">main_fg_50</param>
        <param name="topfont">font_tiny</param>
        <param name="bottomfont">font_tiny</param>
        <param name="shadowcolor_sublabel">main_bg_30</param>
        <definition>
            <control type="group">
                <!--include>Furniture_Right_Visible</include-->
                <include content="Animation_SlideIn_Dialog">
                    <param name="visible_condition">!$EXP[Exp_Notification_IsActive]</param>
                    <param name="windowopen_condition">false</param>
                    <param name="posy">56</param>
                </include>
                <control type="group">
                    <visible>!Player.HasMedia | !Skin.HasSetting(Furniture.EnableNowPlaying) | Window.IsActive(visualisation) | Window.IsActive(fullscreenvideo) | !Window.IsVisible(DialogVideoInfo.xml)</visible>
                    <visible>![Window.IsVisible(DialogVideoInfo.xml) + ![Skin.String(Info.Layout,Flip) | Skin.String(Info.Layout,Flix)]]</visible>
                    <height>80</height>
                    <centertop>42%</centertop>
                    <!--include>Furniture_Right_Sliding</include-->
                    <control type="label" id="$PARAM[id]">
                        <visible>[![Control.IsVisible(550) + !Container.Content(files) | Control.IsVisible(552) + !Container.Content(files) | Control.IsVisible(558) + !Container.Content(files)]</visible>
                        <label>$PARAM[toplabel]</label>
                        <font>font_tiny</font>
                        <textcolor>$PARAM[textcolor]</textcolor>
                        <shadowcolor>panel_bg_30</shadowcolor>
                        <align>right</align>
                        <height>40</height>
                        <centertop>96%</centertop>
                    </control>
                    <control type="label" id="$PARAM[id]">
                        <visible>![Control.IsVisible(550) + !Container.Content(files) | Control.IsVisible(552) + !Container.Content(files) | Control.IsVisible(558) + !Container.Content(files)]</visible>
                        <label>$PARAM[bottomlabel]</label>
                        <font>font_tiny</font>
                        <textcolor>$PARAM[textcolor]</textcolor>
                        <shadowcolor>panel_bg_30</shadowcolor>
                        <align>right</align>
                        <height>40</height>
                        <centertop>96%</centertop>
                    </control>
                </control>
            </control>
        </definition>
    </include>

    <include name="Furniture_Ram">
        <param name="toplabel"></param>
        <param name="bottomlabel">$INFO[system.memory(used.percent),RAM :,]</param>
        <param name="textcolor">main_fg_50</param>
        <param name="topfont">font_tiny</param>
        <param name="bottomfont">font_tiny</param>
        <param name="shadowcolor_sublabel">main_bg_30</param>
        <definition>
            <control type="group">
                <!--include>Furniture_Right_Visible</include-->
                <include content="Animation_SlideIn_Dialog">
                    <param name="visible_condition">!$EXP[Exp_Notification_IsActive]</param>
                    <param name="windowopen_condition">false</param>
                    <param name="posy">56</param>
                </include>
                <control type="group">
                    <visible>!Player.HasMedia | !Skin.HasSetting(Furniture.EnableNowPlaying) | Window.IsActive(visualisation) | Window.IsActive(fullscreenvideo) | !Window.IsVisible(DialogVideoInfo.xml)</visible>
                    <visible>![Window.IsVisible(DialogVideoInfo.xml) + ![Skin.String(Info.Layout,Flip) | Skin.String(Info.Layout,Flix)]]</visible>
                    <height>80</height>
                    <centertop>42%</centertop>
                    <!--include>Furniture_Right_Sliding</include-->
                    <control type="label" id="$PARAM[id]">
                        <visible>[![Control.IsVisible(550) + !Container.Content(files) | Control.IsVisible(552) + !Container.Content(files) | Control.IsVisible(558) + !Container.Content(files)]</visible>
                        <label>$PARAM[toplabel]</label>
                        <font>font_tiny</font>
                        <textcolor>$PARAM[textcolor]</textcolor>
                        <shadowcolor>panel_bg_30</shadowcolor>
                        <align>right</align>
                        <height>40</height>
                        <centertop>96%</centertop>
                    </control>
                    <control type="label" id="$PARAM[id]">
                        <visible>![Control.IsVisible(550) + !Container.Content(files) | Control.IsVisible(552) + !Container.Content(files) | Control.IsVisible(558) + !Container.Content(files)]</visible>
                        <label>$PARAM[bottomlabel]</label>
                        <font>font_tiny</font>
                        <textcolor>$PARAM[textcolor]</textcolor>
                        <shadowcolor>panel_bg_30</shadowcolor>
                        <align>right</align>
                        <height>40</height>
                        <centertop>96%</centertop>
                    </control>
                </control>
            </control>
        </definition>
    </include>

   <include name="Object_Codecs">
        <param name="infohide" default="true" />
        <definition>
            <control type="grouplist">
                <visible>!Skin.HasSetting(Furniture.EnableObject_CodecsText)</visible>
                <visible>!Player.HasMedia | !Skin.HasSetting(Furniture.EnableNowPlaying) | Window.IsActive(visualisation) | Window.IsActive(fullscreenvideo)</visible>
                <visible>!Window.IsActive(DialogNotification.xml)</visible>
                <visible>!Window.IsActive(DialogExtendedProgressBar.xml)</visible>
                <orientation>horizontal</orientation>
                <top>906</top>
                <left>500</left>
                <align>right</align>
                <itemgap>15</itemgap>
                <usecontrolcoords>true</usecontrolcoords>
                <!--visible>[!String.IsEmpty(ListItem.VideoCodec) + !String.IsEmpty(ListItem.AudioCodec)] | !String.IsEmpty(ListItem.VideoResolution)</visible-->
                <control type="image" id="Studio">
                    <!--left>7</left-->
                    <fadetime>100</fadetime>
                    <centertop>50%</centertop>
                    <width>85</width>
                    <height>58</height>
                    <aspectratio>keep</aspectratio>
                    <texture colordiffuse="main_fg_100">$VAR[Image_CombinedStudio]</texture>
                </control>
                <control type="image">
                    <fadetime>100</fadetime>
                    <centertop>50%</centertop>
                    <width>85</width>
                    <height>58</height>
                    <aspectratio align="left">keep</aspectratio>
                    <texture colordiffuse="panel_fg_100">flags/colorful/other/3D.png</texture>
                    <visible>VideoPlayer.IsStereoscopic</visible>
                </control>
                <control type="image">
                    <fadetime>100</fadetime>
                    <centertop>50%</centertop>
                    <width>85</width>
                    <height>58</height>
                    <aspectratio align="left">keep</aspectratio>
                    <texture colordiffuse="main_fg_100">$VAR[Image_HDRCodec]</texture>
                    <visible>String.Contains(ListItem.FileNameAndPath,HDR) | !String.IsEmpty(Listitem.HdrType)</visible>
                </control>
                <control type="image" id="77881">
                    <fadetime>100</fadetime>
                    <centertop>50%</centertop>
                    <width>85</width>
                    <height>58</height>
                    <aspectratio align="left">keep</aspectratio>
                    <texture colordiffuse="main_fg_100">$VAR[Image_RipSource]</texture>
                    <visible>!String.IsEmpty(Control.GetLabel(77881))</visible>
                </control>
                <control type="image" id="77882">
                    <fadetime>100</fadetime>
                    <centertop>50%</centertop>
                    <width>94</width>
                    <height>58</height>
                    <aspectratio>keep</aspectratio>
                    <texture colordiffuse="main_fg_100">flags/colorful/resolution/$INFO[ListItem.VideoResolution].png</texture>
                    <visible>!String.IsEmpty(ListItem.VideoResolution)</visible>
                    <visible>!String.IsEmpty(Control.GetLabel(77882))</visible>
                </control>
                <control type="image" id="77883">
                    <fadetime>100</fadetime>
                    <centertop>50%</centertop>
                    <width>85</width>
                    <height>58</height>
                    <aspectratio>keep</aspectratio>
                    <texture colordiffuse="main_fg_100">flags/colorful/source/$INFO[ListItem.VideoCodec].png</texture>
                    <visible>!String.IsEmpty(ListItem.VideoCodec)</visible>
                    <visible>!String.IsEmpty(Control.GetLabel(77883))</visible>
                </control>
                <control type="image" id="77884">
                    <fadetime>100</fadetime>
                    <centertop>50%</centertop>
                    <width>85</width>
                    <height>58</height>
                    <aspectratio>keep</aspectratio>
                    <texture colordiffuse="main_fg_100">flags/colorful/aspectratio/$INFO[ListItem.VideoAspect].png</texture>
                    <visible>!String.IsEmpty(ListItem.VideoAspect)</visible>
                    <visible>!String.IsEmpty(Control.GetLabel(77884))</visible>
                </control>
                <control type="image" id="77885">
                    <fadetime>100</fadetime>
                    <centertop>50%</centertop>
                    <width>85</width>
                    <height>58</height>
                    <aspectratio>keep</aspectratio>
                    <texture colordiffuse="main_fg_100">$VAR[Image_AudioCodec]</texture>
                    <visible>!String.IsEmpty(ListItem.AudioCodec)</visible>
                    <visible>!String.IsEmpty(Control.GetLabel(77885))</visible>
                </control>
                <control type="image" id="77886">
                    <!--left>7</left-->
                    <fadetime>100</fadetime>
                    <centertop>50%</centertop>
                    <width>72</width>
                    <height>48</height>
                    <aspectratio>keep</aspectratio>
                    <texture colordiffuse="main_fg_100">flags/colorful/channels/$INFO[ListItem.AudioChannels].png</texture>
                    <visible>!String.IsEmpty(ListItem.AudioChannels)</visible>
                    <visible>!String.IsEmpty(Control.GetLabel(77886))</visible>
                </control>
            </control>
        </definition>
    </include>

    <include name="Object_CodecsText">
        <param name="infohide" default="true" />
        <definition>
            <control type="grouplist">
                <visible>!Skin.HasSetting(Furniture.EnableObject_Codecs)</visible>
                <visible>!ListItem.HasMedia | !Skin.HasSetting(Furniture.EnableNowPlaying) | Window.IsActive(visualisation) | Window.IsActive(fullscreenvideo)</visible>
                <visible>!Window.IsActive(DialogNotification.xml)</visible>
                <visible>!Window.IsActive(DialogExtendedProgressBar.xml)</visible>
                <orientation>horizontal</orientation>
                <top>906</top>
                <left>500</left>
                <align>right</align>
                <itemgap>15</itemgap>
                <usecontrolcoords>true</usecontrolcoords>
                <!--visible>[!String.IsEmpty(ListItem.VideoCodec) + !String.IsEmpty(ListItem.AudioCodec)] | !String.IsEmpty(ListItem.VideoResolution)</visible-->
                <control type="image" id="Studio">
                    <!--left>7</left-->
                    <fadetime>100</fadetime>
                    <centertop>50%</centertop>
                    <width>85</width>
                    <height>58</height>
                    <aspectratio>keep</aspectratio>
                    <texture colordiffuse="main_fg_100">$VAR[Image_CombinedStudio]</texture>
                    <visible>!Skin.HasSetting(Furniture.EnableObject_Codecs)</visible>
                    <visible>!Skin.HasSetting(Furniture.DisableStudio)</visible>
                </control>
                <control type="Label">
                <visible>!String.IsEmpty(ListItem.VideoCodec)</visible>
                    <centertop>50%</centertop>
                    <align>left</align>
                    <aligny>center</aligny>
                    <width>auto</width>
                    <font>font_tiny_bold</font>
                    <textcolor>main_fg_90</textcolor>
                    <label max="1800">[UPPERCASE]$VAR[HDRcodectypeVar1] $VAR[ListItem_RipSource] •  $INFO[ListItem.VideoResolution]  •  $INFO[ListItem.VideoCodec]  •  $INFO[ListItem.VideoAspect]  •  $VAR[AudioCodecVar1]  •  $VAR[AudioChannelsVar1][/UPPERCASE]</label>
                    <height>32</height>
                </control>
            </control>
        </definition>
    </include>

    <include name="Object_Patch">
        <definition>
            <control type="grouplist">
                   <visible>Window.IsActive(DialogVideoInfo.xml) + Control.HasFocus(4006)</visible>    
                <top>940</top>
                <left>0</left>
                <align>left</align>
                <usecontrolcoords>true</usecontrolcoords>
              <control type="group">
                    <height>80</height>
                    <centerbottom>80</centerbottom>
                    <align>center</align>
                    <fadetime>100</fadetime>
                    <control type="label">
                        <left>0</left>
                        <aligny>center</aligny>
                        <label>$INFO[ListItem.Path] $INFO[ListItem.FileName]</label>
                        <textcolor>main_fg_70</textcolor>
                        <font>font_tiny</font>
                        <width>1760</width>
                    </control>
              </control>
            </control>
        </definition>
    </include>

    <include name="Furniture_Bottom_Left">
        <param name="enabled">true</param>
        <definition>
            <include content="_Furniture_Bottom_Left" condition="$PARAM[enabled]">
                <param name="container">$PARAM[container]</param>
            </include>
        </definition>
    </include>
    <include name="_Furniture_Bottom_Left">
        <control type="group">
            <include>Dimension_Bottombar</include>
            <control type="group">
                <include>Dimension_Furniture_Gutters</include>
                <include content="View_Furniture_Bottom_ViewLine" condition="Window.IsMedia + !Window.IsVisible(addonbrowser) + !Window.IsVisible(eventlog) + !Window.IsVisible(MyMusicPlaylistEditor.xml)">
                    <param name="visible">true</param>
                    <param name="label">$INFO[Container.NumItems,, $LOCALIZE[31022]]</param>
                </include>
                <include content="View_Furniture_Bottom_ViewLine" condition="$EXP[Exp_PlainBackgroundWindows]">
                    <param name="visible">true</param>
                    <param name="label">$VAR[Label_ProfileName]</param>
                </include>
            </control>
        </control>
    </include>

    <include name="Furniture_Bottom">
        <include>Furniture_Bottom_Left</include>
        <include>Furniture_Bottom_Right</include>
    </include>

    <include name="Furniture_MainLabel">
        <param name="id" />
        <param name="textcolor">main_fg_100</param>
        <param name="width">auto</param>
        <param name="visible">true</param>
        <definition>
            <control type="label" id="$PARAM[id]">
                <label>$PARAM[label]</label>
                <font>font_midi_bold</font>
                <textcolor>$PARAM[textcolor]</textcolor>
                <width max="$PARAM[max]">$PARAM[width]</width>
                <height>40</height>
                <centertop>50%</centertop>
                <visible>$PARAM[visible]</visible>
            </control>
        </definition>
    </include>

    <include name="Furniture_Busy_Spinner">
        <control type="image">
            <bordersize>-4</bordersize>
            <include content="Defs_BusySpinner_Image">
                <param name="spinspinner">$PARAM[spinspinner]</param>
            </include>
        </control>
    </include>

   <include name="Furniture_Busy_Icon">
        <param name="hasspinner">false</param>
        <param name="hasprogress">false</param>
        <param name="hasicon">true</param>
        <param name="icon">special://skin/extras/icons/kodi.png</param>
        <param name="spinspinner">false</param>
        <param name="spinnervisible">true</param>
        <param name="flipspinner">true</param>
        <param name="flipped">false</param>
        <param name="visible">true</param>
        <definition>
            <control type="group">
                <description>Busy animation</description>
                <width>50</width>
                <height>50</height>
                <centertop>50%</centertop>

                <visible>$PARAM[visible]</visible>

                <include content="Object_Left" condition="![$PARAM[flipped]]">
                    <param name="left">15</param>
                </include>
                <include content="Object_Right" condition="$PARAM[flipped]">
                    <param name="right">15</param>
                </include>

                <control type="group">
                    <include content="Info_FooterItemIcon" condition="$PARAM[hasicon]">
                        <param name="icon">$PARAM[icon]</param>
                        <param name="centered">true</param>
                        <param name="size">50</param>
                    </include>
                    <control type="group">
                        <centerleft>50%</centerleft>
                        <centertop>50%</centertop>
                        <width>100</width>
                        <height>100</height>
                        <visible>$PARAM[spinnervisible]</visible>
                        <include content="Furniture_Busy_Spinner" condition="$PARAM[hasspinner]">
                            <param name="spinspinner">$PARAM[spinspinner]</param>
                        </include>
                        <include content="Object_Control" condition="$PARAM[hasprogress]">
                            <param name="control">group</param>
                            <description>Busy animation</description>
                            <animation effect="rotate" condition="$PARAM[spinspinner]" start="0" end="-360" loop="true" time="2000" center="auto">Conditional</animation>
                            <description>Busy animation</description>
                            <control type="image">
                                <bordersize>-4</bordersize>
                                <texture colordiffuse="$VAR[ColorHighlight]" flipx="$PARAM[flipspinner]" flipy="$PARAM[flipspinner]">$INFO[$PARAM[progress],progress/circle/p,.png]</texture>
                                <aspectratio align="center" aligny="center">keep</aspectratio>
                            </control>
                            <control type="image">
                                <bordersize>-4</bordersize>
                                <texture colordiffuse="$VAR[ColorGradient]" flipx="$PARAM[flipspinner]" flipy="$PARAM[flipspinner]">$INFO[$PARAM[progress],progress/circle/p,.png]</texture>
                                <animation effect="fade" end="66" condition="true">Conditional</animation>
                                <aspectratio align="center" aligny="center">keep</aspectratio>
                                <include content="Defs_Progress_Colorfade">
                                    <param name="id">$PARAM[progress_id]</param>
                                </include>
                            </control>
                        </include>
                    </control>
                </control>
            </control>
        </definition>
    </include>

    <include name="Furniture_Busy_FloatingText">
        <param name="visible">true</param>
        <param name="percentage_visible">false</param>
        <definition>
            <control type="group">
                <height>180</height>
                <centertop>50%</centertop>
                <left>-50</left>
                <right>-50</right>
                <control type="group">
                    <include content="Dimension_Padding">
                        <param name="pad">10</param>
                    </include>
                    <include content="Dialog_Foreground_Side">
                        <param name="dialog_size">Dimension_DialogNotification</param>
                        <param name="topline">false</param>
                        <param name="subline">false</param>
                        <param name="transparency">true</param>
                    </include>
                </control>
                <control type="group">
                    <left>70</left>
                    <right>135</right>
                    <height>80</height>
                    <centertop>50%</centertop>
                    <control type="group">
                        <top>17</top>
                        <height>20</height>
                        <control type="label">
                            <font>font_main_bold</font>
                            <textcolor>dialog_fg_90</textcolor>
                            <label>$PARAM[mainlabel]</label>
                            <height>80</height>
                            <centertop>50%</centertop>
                        </control>
                    </control>
                    <control type="group">
                        <bottom>17</bottom>
                        <height>20</height>
                        <control type="grouplist">
                            <orientation>horizontal</orientation>
                            <height>80</height>
                            <centertop>50%</centertop>

                            <control type="label">
                                <width max="340">auto</width>
                                <font>font_tiny</font>
                                <textcolor>dialog_fg_70</textcolor>
                                <label>$PARAM[minilabel]</label>
                            </control>

                            <control type="label">
                                <font>font_tiny</font>
                                <textcolor>dialog_fg_70</textcolor>
                                <label>$PARAM[percentage_label]</label>
                                <width>auto</width>
                                <visible>$PARAM[percentage_visible]</visible>
                            </control>

                        </control>
                    </control>
                </control>
            </control>
        </definition>
    </include>

    <include name="Furniture_Busy_Base">
        <param name="hasspinner">false</param>
        <param name="hasprogress">false</param>
        <param name="hasicon">true</param>
        <param name="spinspinner">false</param>
        <param name="spinnervisible">true</param>
        <param name="icon" />
        <param name="progress" />
        <param name="progress_id" />
        <definition>

            <include content="Furniture_Busy_Icon">
                <param name="hasspinner">$PARAM[hasspinner]</param>
                <param name="hasprogress">$PARAM[hasprogress]</param>
                <param name="hasicon">$PARAM[hasicon]</param>
                <param name="spinspinner">$PARAM[spinspinner]</param>
                <param name="flipspinner">$PARAM[flipspinner]</param>
                <param name="icon">$PARAM[icon]</param>
                <param name="progress">$PARAM[progress]</param>
                <param name="progress_id">$PARAM[progress_id]</param>
                <param name="spinnervisible">$PARAM[spinnervisible]</param>
                <param name="flipped">true</param>
            </include>

        </definition>
    </include>

    <include name="Furniture_Busy_Reposition">
        <animation effect="slide" start="0" end="notification_reposition" condition="$EXP[Exp_HasActiveDialog]">Conditional</animation>
        <animation type="Conditional" reversible="false" condition="$EXP[Exp_HasActiveDialog]">
            <effect type="fade" start="0" end="100" time="300" delay="400"/>
            <effect type="slide" start="0,-48" end="0" center="auto" tween="back" easing="out" time="400" delay="400"/>
        </animation>
        <animation type="Conditional" reversible="false" condition="!$EXP[Exp_HasActiveDialog]">
            <effect type="fade" start="0" end="100" time="300" delay="400"/>
            <effect type="slide" start="0,-48" end="0" center="auto" tween="back" easing="out" time="400" delay="400"/>
        </animation>
    </include>


    <include name="Furniture_Busy_Main">
        <param name="mainlabel">$LOCALIZE[20186]</param>
        <param name="minilabel">$LOCALIZE[31023]...</param>
        <param name="haslabel">true</param>
        <param name="visible_delay" />
        <param name="visible_condition" />
        <param name="windowopen_delay" />
        <param name="windowopen_condition" />
        <definition>

            <include>Dimension_DialogNotification</include>
            <include condition="$PARAM[haslabel]">Furniture_Busy_Reposition</include>

            <include content="Animation_SlideIn_Dialog">
                <param name="visible_delay">$PARAM[visible_delay]</param>
                <param name="visible_condition">$PARAM[visible_condition]</param>
                <param name="windowopen_delay">$PARAM[windowopen_delay]</param>
                <param name="windowopen_condition">$PARAM[windowopen_condition]</param>
                <param name="posy">-48</param>
            </include>

            <include content="Furniture_Busy_FloatingText" condition="$PARAM[haslabel]">
                <param name="mainlabel">$PARAM[mainlabel]</param>
                <param name="minilabel">$PARAM[minilabel]</param>
                <param name="percentage_label">$PARAM[percentage_label]</param>
                <param name="percentage_visible">$PARAM[percentage_visible]</param>
            </include>
        </definition>
    </include>

    <include name="Furniture_Busy">
        <param name="mainlabel">$LOCALIZE[20186]</param>
        <param name="minilabel">$LOCALIZE[31023]...</param>
        <param name="hasspinner">false</param>
        <param name="hasprogress">false</param>
        <param name="haslabel">true</param>
        <param name="hasicon">true</param>
        <param name="spinspinner">false</param>
        <param name="spinnervisible">true</param>
        <param name="visible">true</param>
        <definition>
            <control type="group">
                <visible>$PARAM[visible]</visible>

                <include content="Furniture_Busy_Main">
                    <param name="mainlabel">$PARAM[mainlabel]</param>
                    <param name="minilabel">$PARAM[minilabel]</param>
                    <param name="haslabel">$PARAM[haslabel]</param>
                    <param name="visible_delay">$PARAM[visible_delay]</param>
                    <param name="visible_condition">$PARAM[visible_condition]</param>
                    <param name="windowopen_delay">$PARAM[windowopen_delay]</param>
                    <param name="windowopen_condition">$PARAM[windowopen_condition]</param>
                    <param name="percentage_label">$PARAM[percentage_label]</param>
                    <param name="percentage_visible">$PARAM[percentage_visible]</param>
                </include>

                <include content="Furniture_Busy_Base">
                    <param name="hasspinner">$PARAM[hasspinner]</param>
                    <param name="hasprogress">$PARAM[hasprogress]</param>
                    <param name="hasicon">$PARAM[hasicon]</param>
                    <param name="spinspinner">$PARAM[spinspinner]</param>
                    <param name="flipspinner">$PARAM[flipspinner]</param>
                    <param name="spinnervisible">$PARAM[spinnervisible]</param>
                    <param name="icon">$PARAM[icon]</param>
                    <param name="progress">$PARAM[progress]</param>
                    <param name="progress_id">$PARAM[progress_id]</param>
                </include>
            </control>

        </definition>
    </include>

</includes>
